usuario,valoracion,titulo,fecha,contenido,verificado,votos_utiles
Yainier Salazar Benitez,rating,,Calificado en Estados Unidos el 5 de abril de 2025,"This SanDisk Extreme PRO SDXC card is a solid choice for anyone needing dependable storage. It handles 4K UHD video and burst photography with ease, thanks to its fast read and write speeds. The card is also built to last, being resistant to water, shocks, and extreme temperatures. Its 64GB capacity is perfect for storing high-quality photos and videos without running out of space. Whether you're a professional or just love capturing moments, this memory card delivers excellent performance at a reasonable price. Definitely worth considering!",True,1
Em S,rating,,Calificado en Estados Unidos el 5 de abril de 2025,"I‚Äôve been using this SanDisk 128GB memory card for a while now, and I‚Äôm really impressed with its performance. As a part-time photographer, it‚Äôs been perfect for all my photo needs. It handles high-res images and large files without any issues, and I‚Äôve had no problems with it during shoots. The card has been reliable and works seamlessly with my camera and laptop.

The transfer speeds are solid, and it‚Äôs been great for storing and transferring my 4K recordings as well. I did notice that when transferring larger files, it feels a little slower compared to other cards I‚Äôve used, but it‚Äôs still very good overall. For anyone looking for a dependable card for both photos and high-definition videos, this one‚Äôs a solid choice at a great price.",True,1
Courtlyn,rating,,Calificado en Estados Unidos el 6 de mayo de 2025,Used this for my cannon G7X mark iii and it works great! Large capacity and amazing quality! Easy to transfer and use!,True,0
Jason JB Banks,rating,,Calificado en Estados Unidos el 27 de febrero de 2025,"I picked up the SanDisk 1TB Extreme PRO SDXC for my Maschine Plus, and I couldn‚Äôt be happier with the purchase. Right out of the box, it was ready to go‚Äîpre-formatted and up and running in seconds. No hassle, no setup stress‚Äîjust plug and play.

The speed is flawless, with no lag or stuttering, even under heavy workloads. I‚Äôve experienced zero data loss, and the performance has been rock-solid no matter how much I throw at it. The 1TB capacity is more than enough for large sample libraries, beats, and projects, making it a game-changer for serious music production.

When it comes to value, the price is absolutely justified‚Äîyou‚Äôre paying for top-tier speed, reliability, and storage capacity. I‚Äôve trusted SanDisk for years, and they‚Äôve never let me down. Well, except for that one time I lost one‚Äîbut that‚Äôs on me!

Final Verdict:
This SD card is a must-have, not just for Maschine users, but for anyone needing a high-speed, high-capacity storage solution. If you need fast, dependable storage, this is it. Highly recommended!
Leer m√°s",True,1
John Becerra,rating,,Calificado en Estados Unidos el 5 de abril de 2025,Great card! It‚Äôs been the only card I‚Äôve been shooting on for a few months now. After backing up my shots I format it and I haven‚Äôt had any issues since owning it. Decent price too.,True,1
Sunny R,rating,,Calificado en Estados Unidos el 21 de marzo de 2025,"The SanDisk 64GB Extreme PRO SDXC UHS-I is a solid choice for users looking for dependable storage with fast read and write speeds. It offers read speeds up to 170MB/s and write speeds up to 90MB/s, which is more than sufficient for most photography and Full HD/4K video recording needs.

The build quality feels sturdy, and the card is marketed as temperature-proof, waterproof, shockproof, and X-ray-proof ‚Äî making it suitable for various shooting environments. Compatibility is broad, working seamlessly with DSLRs, mirrorless cameras, and even some video cameras.

While it performs well in most scenarios, professional users working with high-bitrate 4K or RAW video might find UHS-II cards more suitable due to their higher sustained write speeds. However, for the price point and performance, this card offers excellent value.",True,1
joe,rating,,Calificado en Estados Unidos el 29 de abril de 2025,"Sandisk delivered as always, Good storage and speed for the price and a durable card. Good for taking many 4K raw photos at once and not slowing down or showing busy on the camera. Works as advertised",True,0
daysha howell,rating,,Calificado en Estados Unidos el 24 de abril de 2025,"This SanDisk 128GB Extreme PRO SDXC card is a powerhouse! Blazing-fast speeds (U3, V30) handle 4K UHD smoothly, while reliability never falters. Perfect for photographers and videographers. Highly recommended for professionals and enthusiasts alike. Worth every penny!",True,0
Oc√©ane,rating,Excellent SD Card for Photography!,Calificado en Australia el 1 de abril de 2025,"I recently purchased this SD card for my camera, and I couldn‚Äôt be happier! The storage capacity is perfect for my needs, allowing me to take hundreds of high-resolution photos without worrying about space. The read and write speeds are excellent, making file transfers quick and efficient.

I‚Äôve used it for both photography and video recording, and it has performed flawlessly with no lag or corruption issues. It‚Äôs also very reliable I‚Äôve taken it on outdoor shoots in different weather conditions, and it works perfectly every time.

If you‚Äôre looking for a fast and dependable SD card, I highly recommend this one!",True,0
Mathieu,rating,"Rapide, fiable et abordable",Calificado en Francia el 25 de febrero de 2025,"Achet√©e pour mon Canon EOS R50, cette SanDisk Extreme PRO 64 Go fait parfaitement le job. Les vitesses de lecture annonc√©es √† 200 Mo/s sont bien l√†, ce qui permet un transfert rapide des fichiers sur l‚Äôordinateur. En √©criture, la classe V30 et UHS-I U3 garantissent une bonne fluidit√©, aucun ralentissement en rafale ou en vid√©o 4K.

SanDisk reste une valeur s√ªre, je n‚Äôai jamais √©t√© d√©√ßu par cette marque. La carte est fiable et performante, id√©ale pour stocker des photos en RAW et des vid√©os haute r√©solution sans souci.

Un excellent choix pour les photographes et vid√©astes qui cherchent une carte rapide, efficace et abordable.",True,0
Ricky,rating,SD Card,Calificado en Singapur el 3 de febrero de 2023,"I've never had problems with SanDisk SD cards, my only concern is their authenticity. I feel buying from Amazon is a better option.",True,0
Arghya dalal,rating,Real product,Calificado en India el 6 de abril de 2025,Real product,True,0
Chris,rating,SanDisk Extreme PRO SDXC ‚Äì Die perfekte Speicherkarte f√ºr Profis und ambitionierte Nutzer,Calificado en Alemania el 5 de marzo de 2025,"Als passionierter Fotograf/Videograf bin ich immer auf der Suche nach zuverl√§ssigen Speichermedien, die meinen hohen Anforderungen gerecht werden. Die SanDisk Extreme PRO SDXC Speicherkarte hat mich auf ganzer Linie √ºberzeugt. Mit ihrer beeindruckenden Geschwindigkeit, hohen Speicherkapazit√§t und herausragenden Zuverl√§ssigkeit geh√∂rt sie f√ºr mich zu den besten SD-Karten auf dem Markt.

Verpackung & Verarbeitung
Die Karte kommt in der gewohnten SanDisk-Verpackung, die einen sicheren Transport gew√§hrleistet. Nach dem Auspacken macht die SD-Karte sofort einen hochwertigen Eindruck. Sie f√ºhlt sich robust an und hat eine solide Bauweise. Zudem ist sie sto√üfest, temperaturbest√§ndig, wasserdicht und r√∂ntgensicher, was sie ideal f√ºr Outdoor-Eins√§tze macht.

Geschwindigkeit & Performance
Ein entscheidender Faktor bei SD-Karten ist die Schreib- und Lesegeschwindigkeit ‚Äì und hier spielt die SanDisk Extreme PRO in der obersten Liga:

‚úÖ Lesegeschwindigkeit: Bis zu 200 MB/s ‚Äì perfekt f√ºr schnelles √úbertragen gro√üer Dateien auf den PC.
‚úÖ Schreibgeschwindigkeit: Bis zu 140 MB/s ‚Äì ideal f√ºr Serienbildaufnahmen und hochaufl√∂sende Videoaufnahmen.
‚úÖ UHS-I, U3, V30, Class 10 ‚Äì bestens geeignet f√ºr 4K-Videos und schnelle Serienbilder in RAW-Qualit√§t.

Ich habe die Karte in verschiedenen Ger√§ten getestet (DSLR, spiegellose Kamera, Camcorder, Drohne) und konnte keine Verz√∂gerungen oder Ruckler feststellen. Selbst bei langen 4K-Videoaufnahmen blieb die Performance stabil, ohne dass die Kamera zwischenspeichern musste.

Kapazit√§t & Anwendung
Die SD-Karte ist in verschiedenen Speichergr√∂√üen erh√§ltlich (64GB, 128GB, 256GB, 512GB, 1TB). Ich habe mich f√ºr die 256GB-Version entschieden, da sie mir gen√ºgend Platz f√ºr tausende hochaufl√∂sende Bilder und lange Videosequenzen bietet.

Ein paar Beispiele, wie viel die Karte fasst:
üì∏ Fotos (RAW + JPEG): ca. 10.000 Bilder (bei einer durchschnittlichen RAW-Dateigr√∂√üe von 25 MB).
üé• Videos (4K, 100Mbps): ca. 5-6 Stunden Aufnahmezeit.
üìÇ Backups/Dokumente: Ideal f√ºr schnelle Datensicherungen unterwegs.

Besonders f√ºr Reisende, Content Creator oder Fotografen, die l√§ngere Sessions haben, ist diese Karte ein Gamechanger.

Zuverl√§ssigkeit & Sicherheit
Nichts ist √§rgerlicher als eine besch√§digte oder defekte SD-Karte. Ich nutze die SanDisk Extreme PRO nun seit mehreren Monaten intensiv und hatte keinerlei Datenverluste oder Probleme.

‚úîÔ∏è Rugged-Design: Die Karte h√§lt extreme Bedingungen aus ‚Äì perfekt f√ºr Outdoor-Fotografen.
‚úîÔ∏è SanDisk RescuePRO Deluxe: Falls doch mal Daten verloren gehen, gibt es eine Wiederherstellungssoftware.
‚úîÔ∏è Lange Haltbarkeit: Kein Leistungsverlust auch nach wiederholtem Beschreiben und Formatieren.

Vergleich mit anderen Modellen
Ich habe in der Vergangenheit viele verschiedene SD-Karten genutzt, darunter Modelle von Lexar, Samsung und Kingston. Die SanDisk Extreme PRO √ºbertrifft sie in puncto Geschwindigkeit, Haltbarkeit und Zuverl√§ssigkeit. Besonders im Vergleich zur SanDisk Extreme (ohne PRO) merkt man den deutlichen Performance-Unterschied bei Serienbildaufnahmen und gro√üen Video-Dateien.

Fazit ‚Äì Mein Urteil
üíØ Wer eine hochwertige, schnelle und zuverl√§ssige SD-Karte f√ºr professionelle Foto- und Videoaufnahmen sucht, kommt an der SanDisk Extreme PRO SDXC nicht vorbei. Die Karte ist zwar etwas teurer als andere Modelle, aber ihr hoher Schreib-/Lesewert, die Stabilit√§t und die Langlebigkeit machen den Preis mehr als gerechtfertigt.

üìå Pro:
‚úÖ Sehr schnelle Lese-/Schreibgeschwindigkeit (perfekt f√ºr 4K-Videos & Serienbilder)
‚úÖ Robuste Bauweise (wasserfest, temperaturbest√§ndig, sto√üfest)
‚úÖ Ideal f√ºr Profis & Content Creator
‚úÖ Gro√üe Speicherkapazit√§t verf√ºgbar (bis zu 1TB)
‚úÖ SanDisk RescuePRO Deluxe Software inklusive

‚ö†Ô∏è Kontra:
‚ùå Etwas teurer als Standard-SD-Karten
‚ùå Maximale Schreibgeschwindigkeit nur mit UHS-I-kompatiblen Ger√§ten nutzbar

üí° Empfehlung: Perfekt f√ºr Fotografen, Filmemacher, Drohnenpiloten und alle, die eine extrem zuverl√§ssige SD-Karte brauchen. Klare Kaufempfehlung!

‚≠ê Gesamtbewertung: 5/5 Sterne! ‚≠ê
Leer m√°s",True,0
